iter	Logloss
0	0.6402458794
1	0.5948612991
